Season,Race,Driver,Team,Grid,Position,MeanLapTime,AirTemp,TrackTemp,Humidity,Rainfall,NumPitStops,PitStopLaps,PitCompounds,AvgPitStopDuration
2023,Pre-Season Testing,VER,Red Bull Racing,1.0,1.0,0 days 00:01:36.832686274,21.473509933774835,30.94105960264901,56.18543046357616,False,0,,,
2023,Pre-Season Testing,GAS,Alpine,10.0,18.0,0 days 00:01:39.991288888,21.473509933774835,30.94105960264901,56.18543046357616,False,0,,,
2023,Pre-Season Testing,PER,Red Bull Racing,15.0,6.0,0 days 00:01:38.650384615,21.473509933774835,30.94105960264901,56.18543046357616,False,0,,,
2023,Pre-Season Testing,ALO,Aston Martin,9.0,7.0,0 days 00:01:38.733288461,21.473509933774835,30.94105960264901,56.18543046357616,False,0,,,
2023,Pre-Season Testing,LEC,Ferrari,4.0,9.0,0 days 00:01:38.762057692,21.473509933774835,30.94105960264901,56.18543046357616,False,0,,,
2023,Pre-Season Testing,STR,Aston Martin,12.0,14.0,0 days 00:01:38.835019230,21.473509933774835,30.94105960264901,56.18543046357616,False,0,,,
2023,Pre-Season Testing,SAR,Williams,14.0,11.0,0 days 00:01:38.857115384,21.473509933774835,30.94105960264901,56.18543046357616,False,0,,,
2023,Pre-Season Testing,MAG,Haas F1 Team,19.0,19.0,0 days 00:01:34.706612903,21.473509933774835,30.94105960264901,56.18543046357616,False,0,,,
2023,Pre-Season Testing,DEV,AlphaTauri,18.0,17.0,0 days 00:01:39.039730769,21.473509933774835,30.94105960264901,56.18543046357616,False,0,,,
2023,Pre-Season Testing,TSU,AlphaTauri,16.0,16.0,0 days 00:01:39.003134615,21.473509933774835,30.94105960264901,56.18543046357616,False,0,,,
2023,Pre-Season Testing,ALB,Williams,8.0,8.0,0 days 00:01:38.746461538,21.473509933774835,30.94105960264901,56.18543046357616,False,0,,,
2023,Pre-Season Testing,ZHO,Alfa Romeo,17.0,15.0,0 days 00:01:38.976115384,21.473509933774835,30.94105960264901,56.18543046357616,False,0,,,
2023,Pre-Season Testing,HUL,Haas F1 Team,11.0,13.0,0 days 00:01:38.915403846,21.473509933774835,30.94105960264901,56.18543046357616,False,0,,,
2023,Pre-Season Testing,OCO,Alpine,13.0,20.0,0 days 00:01:35.150111111,21.473509933774835,30.94105960264901,56.18543046357616,False,0,,,
2023,Pre-Season Testing,NOR,McLaren,2.0,2.0,0 days 00:01:37.163431372,21.473509933774835,30.94105960264901,56.18543046357616,False,0,,,
2023,Pre-Season Testing,HAM,Mercedes,7.0,3.0,0 days 00:01:37.489686274,21.473509933774835,30.94105960264901,56.18543046357616,False,0,,,
2023,Pre-Season Testing,SAI,Ferrari,5.0,10.0,0 days 00:01:38.776653846,21.473509933774835,30.94105960264901,56.18543046357616,False,0,,,
2023,Pre-Season Testing,RUS,Mercedes,6.0,5.0,0 days 00:01:38.618153846,21.473509933774835,30.94105960264901,56.18543046357616,False,0,,,
2023,Pre-Season Testing,BOT,Alfa Romeo,20.0,12.0,0 days 00:01:38.899384615,21.473509933774835,30.94105960264901,56.18543046357616,False,0,,,
2023,Pre-Season Testing,PIA,McLaren,3.0,4.0,0 days 00:01:38.552192307,21.473509933774835,30.94105960264901,56.18543046357616,False,0,,,
2023,Bahrain Grand Prix,VER,Red Bull Racing,1.0,1.0,0 days 00:01:38.890105263,27.43167701863354,31.01180124223602,21.496894409937887,False,0,,,
2023,Bahrain Grand Prix,GAS,Alpine,20.0,9.0,0 days 00:01:40.184017543,27.43167701863354,31.01180124223602,21.496894409937887,False,0,,,
2023,Bahrain Grand Prix,PER,Red Bull Racing,2.0,2.0,0 days 00:01:39.100403508,27.43167701863354,31.01180124223602,21.496894409937887,False,0,,,
2023,Bahrain Grand Prix,ALO,Aston Martin,5.0,3.0,0 days 00:01:39.567947368,27.43167701863354,31.01180124223602,21.496894409937887,False,0,,,
2023,Bahrain Grand Prix,LEC,Ferrari,3.0,19.0,0 days 00:01:39.644051282,27.43167701863354,31.01180124223602,21.496894409937887,False,0,,,
2023,Bahrain Grand Prix,STR,Aston Martin,8.0,6.0,0 days 00:01:39.846280701,27.43167701863354,31.01180124223602,21.496894409937887,False,0,,,
2023,Bahrain Grand Prix,SAR,Williams,16.0,12.0,0 days 00:01:40.676285714,27.43167701863354,31.01180124223602,21.496894409937887,False,0,,,
2023,Bahrain Grand Prix,MAG,Haas F1 Team,17.0,13.0,0 days 00:01:40.955232142,27.43167701863354,31.01180124223602,21.496894409937887,False,0,,,
2023,Bahrain Grand Prix,DEV,AlphaTauri,19.0,14.0,0 days 00:01:41.058196428,27.43167701863354,31.01180124223602,21.496894409937887,False,0,,,
2023,Bahrain Grand Prix,TSU,AlphaTauri,14.0,11.0,0 days 00:01:40.484315789,27.43167701863354,31.01180124223602,21.496894409937887,False,0,,,
2023,Bahrain Grand Prix,ALB,Williams,15.0,10.0,0 days 00:01:40.465087719,27.43167701863354,31.01180124223602,21.496894409937887,False,0,,,
2023,Bahrain Grand Prix,ZHO,Alfa Romeo,13.0,16.0,0 days 00:01:41.364017857,27.43167701863354,31.01180124223602,21.496894409937887,False,0,,,
2023,Bahrain Grand Prix,HUL,Haas F1 Team,10.0,15.0,0 days 00:01:41.082982142,27.43167701863354,31.01180124223602,21.496894409937887,False,0,,,
2023,Bahrain Grand Prix,OCO,Alpine,9.0,18.0,0 days 00:01:42.916243902,27.43167701863354,31.01180124223602,21.496894409937887,False,0,,,
2023,Bahrain Grand Prix,NOR,McLaren,11.0,17.0,0 days 00:01:42.606763636,27.43167701863354,31.01180124223602,21.496894409937887,False,0,,,
2023,Bahrain Grand Prix,HAM,Mercedes,7.0,5.0,0 days 00:01:39.784438596,27.43167701863354,31.01180124223602,21.496894409937887,False,0,,,
2023,Bahrain Grand Prix,SAI,Ferrari,4.0,4.0,0 days 00:01:39.733122807,27.43167701863354,31.01180124223602,21.496894409937887,False,0,,,
2023,Bahrain Grand Prix,RUS,Mercedes,6.0,7.0,0 days 00:01:39.870333333,27.43167701863354,31.01180124223602,21.496894409937887,False,0,,,
2023,Bahrain Grand Prix,BOT,Alfa Romeo,12.0,8.0,0 days 00:01:40.164614035,27.43167701863354,31.01180124223602,21.496894409937887,False,0,,,
2023,Bahrain Grand Prix,PIA,McLaren,18.0,20.0,0 days 00:01:43.275769230,27.43167701863354,31.01180124223602,21.496894409937887,False,0,,,
2023,Saudi Arabian Grand Prix,VER,Red Bull Racing,15.0,2.0,0 days 00:01:34.926645833,26.09189189189189,31.79256756756757,57.79054054054054,False,0,,,
2023,Saudi Arabian Grand Prix,GAS,Alpine,9.0,9.0,0 days 00:01:37.530795918,26.09189189189189,31.79256756756757,57.79054054054054,False,0,,,
2023,Saudi Arabian Grand Prix,PER,Red Bull Racing,1.0,1.0,0 days 00:01:34.245020833,26.09189189189189,31.79256756756757,57.79054054054054,False,0,,,
2023,Saudi Arabian Grand Prix,ALO,Aston Martin,2.0,3.0,0 days 00:01:34.835875,26.09189189189189,31.79256756756757,57.79054054054054,False,0,,,
2023,Saudi Arabian Grand Prix,LEC,Ferrari,12.0,7.0,0 days 00:01:37.243000,26.09189189189189,31.79256756756757,57.79054054054054,False,0,,,
2023,Saudi Arabian Grand Prix,STR,Aston Martin,5.0,20.0,0 days 00:01:37.324000,26.09189189189189,31.79256756756757,57.79054054054054,False,0,,,
2023,Saudi Arabian Grand Prix,SAR,Williams,20.0,16.0,0 days 00:01:39.223740,26.09189189189189,31.79256756756757,57.79054054054054,False,0,,,
2023,Saudi Arabian Grand Prix,MAG,Haas F1 Team,13.0,10.0,0 days 00:01:38.794400,26.09189189189189,31.79256756756757,57.79054054054054,False,0,,,
2023,Saudi Arabian Grand Prix,DEV,AlphaTauri,18.0,14.0,0 days 00:01:39.047440,26.09189189189189,31.79256756756757,57.79054054054054,False,0,,,
2023,Saudi Arabian Grand Prix,TSU,AlphaTauri,16.0,11.0,0 days 00:01:37.754836734,26.09189189189189,31.79256756756757,57.79054054054054,False,0,,,
2023,Saudi Arabian Grand Prix,ALB,Williams,17.0,19.0,0 days 00:01:40.944320,26.09189189189189,31.79256756756757,57.79054054054054,False,0,,,
2023,Saudi Arabian Grand Prix,ZHO,Alfa Romeo,11.0,13.0,0 days 00:01:39.019080,26.09189189189189,31.79256756756757,57.79054054054054,False,0,,,
2023,Saudi Arabian Grand Prix,HUL,Haas F1 Team,10.0,12.0,0 days 00:01:38.909640,26.09189189189189,31.79256756756757,57.79054054054054,False,0,,,
2023,Saudi Arabian Grand Prix,OCO,Alpine,6.0,8.0,0 days 00:01:37.465346938,26.09189189189189,31.79256756756757,57.79054054054054,False,0,,,
2023,Saudi Arabian Grand Prix,NOR,McLaren,19.0,17.0,0 days 00:01:39.226780,26.09189189189189,31.79256756756757,57.79054054054054,False,0,,,
2023,Saudi Arabian Grand Prix,HAM,Mercedes,7.0,5.0,0 days 00:01:35.643625,26.09189189189189,31.79256756756757,57.79054054054054,False,0,,,
2023,Saudi Arabian Grand Prix,SAI,Ferrari,4.0,6.0,0 days 00:01:37.046387755,26.09189189189189,31.79256756756757,57.79054054054054,False,0,,,
2023,Saudi Arabian Grand Prix,RUS,Mercedes,3.0,4.0,0 days 00:01:35.160354166,26.09189189189189,31.79256756756757,57.79054054054054,False,0,,,
2023,Saudi Arabian Grand Prix,BOT,Alfa Romeo,14.0,18.0,0 days 00:01:39.027666666,26.09189189189189,31.79256756756757,57.79054054054054,False,0,,,
2023,Saudi Arabian Grand Prix,PIA,McLaren,8.0,15.0,0 days 00:01:39.198300,26.09189189189189,31.79256756756757,57.79054054054054,False,0,,,
2023,Australian Grand Prix,VER,Red Bull Racing,1.0,1.0,0 days 00:01:25.469384615,17.449549549549552,30.13963963963964,54.15765765765766,False,0,,,
2023,Australian Grand Prix,GAS,Alpine,9.0,13.0,0 days 00:01:26.081750,17.449549549549552,30.13963963963964,54.15765765765766,False,0,,,
2023,Australian Grand Prix,PER,Red Bull Racing,20.0,5.0,0 days 00:01:26.380346153,17.449549549549552,30.13963963963964,54.15765765765766,False,0,,,
2023,Australian Grand Prix,ALO,Aston Martin,4.0,3.0,0 days 00:01:25.773730769,17.449549549549552,30.13963963963964,54.15765765765766,False,0,,,
2023,Australian Grand Prix,LEC,Ferrari,7.0,20.0,,17.449549549549552,30.13963963963964,54.15765765765766,False,0,,,
2023,Australian Grand Prix,STR,Aston Martin,6.0,4.0,0 days 00:01:26.121269230,17.449549549549552,30.13963963963964,54.15765765765766,False,0,,,
2023,Australian Grand Prix,SAR,Williams,18.0,16.0,0 days 00:01:28.215843137,17.449549549549552,30.13963963963964,54.15765765765766,False,0,,,
2023,Australian Grand Prix,MAG,Haas F1 Team,14.0,17.0,0 days 00:01:27.232920,17.449549549549552,30.13963963963964,54.15765765765766,False,0,,,
2023,Australian Grand Prix,DEV,AlphaTauri,15.0,15.0,0 days 00:01:28.390607843,17.449549549549552,30.13963963963964,54.15765765765766,False,0,,,
2023,Australian Grand Prix,TSU,AlphaTauri,12.0,10.0,0 days 00:01:27.798346153,17.449549549549552,30.13963963963964,54.15765765765766,False,0,,,
2023,Australian Grand Prix,ALB,Williams,8.0,19.0,0 days 00:01:42.973500,17.449549549549552,30.13963963963964,54.15765765765766,False,0,,,
2023,Australian Grand Prix,ZHO,Alfa Romeo,17.0,9.0,0 days 00:01:27.850134615,17.449549549549552,30.13963963963964,54.15765765765766,False,0,,,
2023,Australian Grand Prix,HUL,Haas F1 Team,10.0,7.0,0 days 00:01:26.529365384,17.449549549549552,30.13963963963964,54.15765765765766,False,0,,,
2023,Australian Grand Prix,OCO,Alpine,11.0,14.0,0 days 00:01:26.749153846,17.449549549549552,30.13963963963964,54.15765765765766,False,0,,,
2023,Australian Grand Prix,NOR,McLaren,13.0,6.0,0 days 00:01:26.561673076,17.449549549549552,30.13963963963964,54.15765765765766,False,0,,,
2023,Australian Grand Prix,HAM,Mercedes,3.0,2.0,0 days 00:01:27.488886792,17.449549549549552,30.13963963963964,54.15765765765766,False,0,,,
2023,Australian Grand Prix,SAI,Ferrari,5.0,12.0,0 days 00:01:26.093807692,17.449549549549552,30.13963963963964,54.15765765765766,False,0,,,
2023,Australian Grand Prix,RUS,Mercedes,2.0,18.0,0 days 00:01:33.610800,17.449549549549552,30.13963963963964,54.15765765765766,False,0,,,
2023,Australian Grand Prix,BOT,Alfa Romeo,19.0,11.0,0 days 00:01:27.864843137,17.449549549549552,30.13963963963964,54.15765765765766,False,0,,,
2023,Australian Grand Prix,PIA,McLaren,16.0,8.0,0 days 00:01:27.279307692,17.449549549549552,30.13963963963964,54.15765765765766,False,0,,,
2023,Azerbaijan Grand Prix,VER,Red Bull Racing,2.0,2.0,0 days 00:01:45.890395833,24.860625,41.209999999999994,49.225,False,0,,,
2023,Azerbaijan Grand Prix,GAS,Alpine,17.0,14.0,0 days 00:01:50.858196078,24.860625,41.209999999999994,49.225,False,0,,,
2023,Azerbaijan Grand Prix,PER,Red Bull Racing,3.0,1.0,0 days 00:01:46.544897959,24.860625,41.209999999999994,49.225,False,0,,,
2023,Azerbaijan Grand Prix,ALO,Aston Martin,6.0,4.0,0 days 00:01:47.282448979,24.860625,41.209999999999994,49.225,False,0,,,
2023,Azerbaijan Grand Prix,LEC,Ferrari,1.0,3.0,0 days 00:01:47.078571428,24.860625,41.209999999999994,49.225,False,0,,,
2023,Azerbaijan Grand Prix,STR,Aston Martin,9.0,7.0,0 days 00:01:47.055187500,24.860625,41.209999999999994,49.225,False,0,,,
2023,Azerbaijan Grand Prix,SAR,Williams,14.0,16.0,0 days 00:01:50.178680,24.860625,41.209999999999994,49.225,False,0,,,
2023,Azerbaijan Grand Prix,MAG,Haas F1 Team,16.0,13.0,0 days 00:01:49.524220,24.860625,41.209999999999994,49.225,False,0,,,
2023,Azerbaijan Grand Prix,DEV,AlphaTauri,18.0,20.0,0 days 00:01:50.627000,24.860625,41.209999999999994,49.225,False,0,,,
2023,Azerbaijan Grand Prix,TSU,AlphaTauri,8.0,10.0,0 days 00:01:49.888020,24.860625,41.209999999999994,49.225,False,0,,,
2023,Azerbaijan Grand Prix,ALB,Williams,12.0,12.0,0 days 00:01:50.805078431,24.860625,41.209999999999994,49.225,False,0,,,
2023,Azerbaijan Grand Prix,ZHO,Alfa Romeo,15.0,19.0,0 days 00:01:50.378235294,24.860625,41.209999999999994,49.225,False,0,,,
2023,Azerbaijan Grand Prix,HUL,Haas F1 Team,20.0,17.0,0 days 00:01:49.712645833,24.860625,41.209999999999994,49.225,False,0,,,
2023,Azerbaijan Grand Prix,OCO,Alpine,19.0,15.0,0 days 00:01:49.258040816,24.860625,41.209999999999994,49.225,False,0,,,
2023,Azerbaijan Grand Prix,NOR,McLaren,7.0,9.0,0 days 00:01:49.789300,24.860625,41.209999999999994,49.225,False,0,,,
2023,Azerbaijan Grand Prix,HAM,Mercedes,5.0,6.0,0 days 00:01:49.083680,24.860625,41.209999999999994,49.225,False,0,,,
2023,Azerbaijan Grand Prix,SAI,Ferrari,4.0,5.0,0 days 00:01:46.845750,24.860625,41.209999999999994,49.225,False,0,,,
2023,Azerbaijan Grand Prix,RUS,Mercedes,11.0,8.0,0 days 00:01:47.597041666,24.860625,41.209999999999994,49.225,False,0,,,
2023,Azerbaijan Grand Prix,BOT,Alfa Romeo,13.0,18.0,0 days 00:01:50.794306122,24.860625,41.209999999999994,49.225,False,0,,,
2023,Azerbaijan Grand Prix,PIA,McLaren,10.0,11.0,0 days 00:01:49.967680,24.860625,41.209999999999994,49.225,False,0,,,
2023,Miami Grand Prix,VER,Red Bull Racing,9.0,1.0,0 days 00:01:32.249842105,27.11741935483871,36.689032258064515,59.42580645161291,False,0,,,
2023,Miami Grand Prix,PER,Red Bull Racing,1.0,2.0,0 days 00:01:32.344298245,27.11741935483871,36.689032258064515,59.42580645161291,False,0,,,
2023,Miami Grand Prix,ALO,Aston Martin,2.0,3.0,0 days 00:01:32.711333333,27.11741935483871,36.689032258064515,59.42580645161291,False,0,,,
2023,Miami Grand Prix,RUS,Mercedes,6.0,4.0,0 days 00:01:32.832807017,27.11741935483871,36.689032258064515,59.42580645161291,False,0,,,
2023,Miami Grand Prix,SAI,Ferrari,3.0,5.0,0 days 00:01:32.907929824,27.11741935483871,36.689032258064515,59.42580645161291,False,0,,,
2023,Miami Grand Prix,HAM,Mercedes,13.0,6.0,0 days 00:01:33.148947368,27.11741935483871,36.689032258064515,59.42580645161291,False,0,,,
2023,Miami Grand Prix,LEC,Ferrari,7.0,7.0,0 days 00:01:33.179456140,27.11741935483871,36.689032258064515,59.42580645161291,False,0,,,
2023,Miami Grand Prix,GAS,Alpine,5.0,8.0,0 days 00:01:33.226508771,27.11741935483871,36.689032258064515,59.42580645161291,False,0,,,
2023,Miami Grand Prix,OCO,Alpine,8.0,9.0,0 days 00:01:33.269543859,27.11741935483871,36.689032258064515,59.42580645161291,False,0,,,
2023,Miami Grand Prix,MAG,Haas F1 Team,4.0,10.0,0 days 00:01:33.354140350,27.11741935483871,36.689032258064515,59.42580645161291,False,0,,,
2023,Miami Grand Prix,TSU,AlphaTauri,17.0,11.0,0 days 00:01:33.378070175,27.11741935483871,36.689032258064515,59.42580645161291,False,0,,,
2023,Miami Grand Prix,STR,Aston Martin,18.0,12.0,0 days 00:01:33.385877192,27.11741935483871,36.689032258064515,59.42580645161291,False,0,,,
2023,Miami Grand Prix,BOT,Alfa Romeo,10.0,13.0,0 days 00:01:33.506631578,27.11741935483871,36.689032258064515,59.42580645161291,False,0,,,
2023,Miami Grand Prix,ALB,Williams,11.0,14.0,0 days 00:01:33.528105263,27.11741935483871,36.689032258064515,59.42580645161291,False,0,,,
2023,Miami Grand Prix,HUL,Haas F1 Team,12.0,15.0,0 days 00:01:33.564754385,27.11741935483871,36.689032258064515,59.42580645161291,False,0,,,
2023,Miami Grand Prix,ZHO,Alfa Romeo,14.0,16.0,0 days 00:01:33.625982456,27.11741935483871,36.689032258064515,59.42580645161291,False,0,,,
2023,Miami Grand Prix,NOR,McLaren,16.0,17.0,0 days 00:01:33.788736842,27.11741935483871,36.689032258064515,59.42580645161291,False,0,,,
2023,Miami Grand Prix,DEV,AlphaTauri,15.0,18.0,0 days 00:01:33.810350877,27.11741935483871,36.689032258064515,59.42580645161291,False,0,,,
2023,Miami Grand Prix,PIA,McLaren,19.0,19.0,0 days 00:01:34.263410714,27.11741935483871,36.689032258064515,59.42580645161291,False,0,,,
2023,Miami Grand Prix,SAR,Williams,20.0,20.0,0 days 00:01:34.511232142,27.11741935483871,36.689032258064515,59.42580645161291,False,0,,,
2023,Monaco Grand Prix,VER,Red Bull Racing,1.0,1.0,0 days 00:01:23.743333333,25.06590909090909,39.25568181818182,45.86363636363637,True,0,,,
2023,Monaco Grand Prix,GAS,Alpine,7.0,7.0,0 days 00:01:24.542846153,25.06590909090909,39.25568181818182,45.86363636363637,True,0,,,
2023,Monaco Grand Prix,PER,Red Bull Racing,20.0,16.0,0 days 00:01:26.592157894,25.06590909090909,39.25568181818182,45.86363636363637,True,0,,,
2023,Monaco Grand Prix,ALO,Aston Martin,2.0,2.0,0 days 00:01:24.101294871,25.06590909090909,39.25568181818182,45.86363636363637,True,0,,,
2023,Monaco Grand Prix,LEC,Ferrari,6.0,6.0,0 days 00:01:24.536794871,25.06590909090909,39.25568181818182,45.86363636363637,True,0,,,
2023,Monaco Grand Prix,STR,Aston Martin,14.0,20.0,0 days 00:01:20.782471698,25.06590909090909,39.25568181818182,45.86363636363637,True,0,,,
2023,Monaco Grand Prix,SAR,Williams,16.0,18.0,0 days 00:01:26.907407894,25.06590909090909,39.25568181818182,45.86363636363637,True,0,,,
2023,Monaco Grand Prix,MAG,Haas F1 Team,17.0,19.0,0 days 00:01:26.445449275,25.06590909090909,39.25568181818182,45.86363636363637,True,0,,,
2023,Monaco Grand Prix,DEV,AlphaTauri,12.0,12.0,0 days 00:01:25.575285714,25.06590909090909,39.25568181818182,45.86363636363637,True,0,,,
2023,Monaco Grand Prix,TSU,AlphaTauri,9.0,15.0,0 days 00:01:26.046381578,25.06590909090909,39.25568181818182,45.86363636363637,True,0,,,
2023,Monaco Grand Prix,ALB,Williams,13.0,14.0,0 days 00:01:25.859610389,25.06590909090909,39.25568181818182,45.86363636363637,True,0,,,
2023,Monaco Grand Prix,ZHO,Alfa Romeo,19.0,13.0,0 days 00:01:25.764051948,25.06590909090909,39.25568181818182,45.86363636363637,True,0,,,
2023,Monaco Grand Prix,HUL,Haas F1 Team,18.0,17.0,0 days 00:01:26.585342105,25.06590909090909,39.25568181818182,45.86363636363637,True,0,,,
2023,Monaco Grand Prix,OCO,Alpine,3.0,3.0,0 days 00:01:24.217564102,25.06590909090909,39.25568181818182,45.86363636363637,True,0,,,
2023,Monaco Grand Prix,NOR,McLaren,10.0,9.0,0 days 00:01:24.883649350,25.06590909090909,39.25568181818182,45.86363636363637,True,0,,,
2023,Monaco Grand Prix,HAM,Mercedes,5.0,4.0,0 days 00:01:24.244128205,25.06590909090909,39.25568181818182,45.86363636363637,True,0,,,
2023,Monaco Grand Prix,SAI,Ferrari,4.0,8.0,0 days 00:01:24.556038461,25.06590909090909,39.25568181818182,45.86363636363637,True,0,,,
2023,Monaco Grand Prix,RUS,Mercedes,8.0,5.0,0 days 00:01:24.400820512,25.06590909090909,39.25568181818182,45.86363636363637,True,0,,,
2023,Monaco Grand Prix,BOT,Alfa Romeo,15.0,11.0,0 days 00:01:25.207051948,25.06590909090909,39.25568181818182,45.86363636363637,True,0,,,
2023,Monaco Grand Prix,PIA,McLaren,11.0,10.0,0 days 00:01:25.012194805,25.06590909090909,39.25568181818182,45.86363636363637,True,0,,,
2023,Spanish Grand Prix,VER,Red Bull Racing,1.0,1.0,0 days 00:01:19.968787878,22.674025974025977,33.838961038961045,63.077922077922075,False,0,,,
2023,Spanish Grand Prix,HAM,Mercedes,4.0,2.0,0 days 00:01:20.333787878,22.674025974025977,33.838961038961045,63.077922077922075,False,0,,,
2023,Spanish Grand Prix,RUS,Mercedes,12.0,3.0,0 days 00:01:20.459530303,22.674025974025977,33.838961038961045,63.077922077922075,False,0,,,
2023,Spanish Grand Prix,PER,Red Bull Racing,11.0,4.0,0 days 00:01:20.511393939,22.674025974025977,33.838961038961045,63.077922077922075,False,0,,,
2023,Spanish Grand Prix,SAI,Ferrari,2.0,5.0,0 days 00:01:20.661181818,22.674025974025977,33.838961038961045,63.077922077922075,False,0,,,
2023,Spanish Grand Prix,STR,Aston Martin,5.0,6.0,0 days 00:01:20.928181818,22.674025974025977,33.838961038961045,63.077922077922075,False,0,,,
2023,Spanish Grand Prix,ALO,Aston Martin,8.0,7.0,0 days 00:01:20.940409090,22.674025974025977,33.838961038961045,63.077922077922075,False,0,,,
2023,Spanish Grand Prix,OCO,Alpine,6.0,8.0,0 days 00:01:21.017909090,22.674025974025977,33.838961038961045,63.077922077922075,False,0,,,
2023,Spanish Grand Prix,ZHO,Alfa Romeo,13.0,9.0,0 days 00:01:21.057848484,22.674025974025977,33.838961038961045,63.077922077922075,False,0,,,
2023,Spanish Grand Prix,GAS,Alpine,10.0,10.0,0 days 00:01:21.082878787,22.674025974025977,33.838961038961045,63.077922077922075,False,0,,,
2023,Spanish Grand Prix,LEC,Ferrari,19.0,11.0,0 days 00:01:21.096348484,22.674025974025977,33.838961038961045,63.077922077922075,False,0,,,
2023,Spanish Grand Prix,TSU,AlphaTauri,15.0,12.0,0 days 00:01:21.035696969,22.674025974025977,33.838961038961045,63.077922077922075,False,0,,,
2023,Spanish Grand Prix,PIA,McLaren,9.0,13.0,0 days 00:01:21.264846153,22.674025974025977,33.838961038961045,63.077922077922075,False,0,,,
2023,Spanish Grand Prix,DEV,AlphaTauri,14.0,14.0,0 days 00:01:21.281030769,22.674025974025977,33.838961038961045,63.077922077922075,False,0,,,
2023,Spanish Grand Prix,HUL,Haas F1 Team,7.0,15.0,0 days 00:01:21.465184615,22.674025974025977,33.838961038961045,63.077922077922075,False,0,,,
2023,Spanish Grand Prix,ALB,Williams,18.0,16.0,0 days 00:01:21.625353846,22.674025974025977,33.838961038961045,63.077922077922075,False,0,,,
2023,Spanish Grand Prix,NOR,McLaren,3.0,17.0,0 days 00:01:21.666615384,22.674025974025977,33.838961038961045,63.077922077922075,False,0,,,
2023,Spanish Grand Prix,MAG,Haas F1 Team,17.0,18.0,0 days 00:01:21.784923076,22.674025974025977,33.838961038961045,63.077922077922075,False,0,,,
2023,Spanish Grand Prix,BOT,Alfa Romeo,16.0,19.0,0 days 00:01:21.967430769,22.674025974025977,33.838961038961045,63.077922077922075,False,0,,,
2023,Spanish Grand Prix,SAR,Williams,20.0,20.0,0 days 00:01:21.994107692,22.674025974025977,33.838961038961045,63.077922077922075,False,0,,,
2023,Canadian Grand Prix,VER,Red Bull Racing,1.0,1.0,0 days 00:01:20.547828571,18.530246913580246,30.593209876543206,63.901234567901234,False,0,,,
2023,Canadian Grand Prix,GAS,Alpine,15.0,12.0,0 days 00:01:21.479957142,18.530246913580246,30.593209876543206,63.901234567901234,False,0,,,
2023,Canadian Grand Prix,PER,Red Bull Racing,12.0,6.0,0 days 00:01:21.276800,18.530246913580246,30.593209876543206,63.901234567901234,False,0,,,
2023,Canadian Grand Prix,ALO,Aston Martin,2.0,2.0,0 days 00:01:20.684542857,18.530246913580246,30.593209876543206,63.901234567901234,False,0,,,
2023,Canadian Grand Prix,LEC,Ferrari,10.0,4.0,0 days 00:01:20.814228571,18.530246913580246,30.593209876543206,63.901234567901234,False,0,,,
2023,Canadian Grand Prix,STR,Aston Martin,16.0,9.0,0 days 00:01:21.467857142,18.530246913580246,30.593209876543206,63.901234567901234,False,0,,,
2023,Canadian Grand Prix,SAR,Williams,18.0,20.0,0 days 00:01:21.678666666,18.530246913580246,30.593209876543206,63.901234567901234,False,0,,,
2023,Canadian Grand Prix,MAG,Haas F1 Team,13.0,17.0,0 days 00:01:22.733434782,18.530246913580246,30.593209876543206,63.901234567901234,False,0,,,
2023,Canadian Grand Prix,DEV,AlphaTauri,17.0,18.0,0 days 00:01:22.801666666,18.530246913580246,30.593209876543206,63.901234567901234,False,0,,,
2023,Canadian Grand Prix,TSU,AlphaTauri,19.0,14.0,0 days 00:01:21.596728571,18.530246913580246,30.593209876543206,63.901234567901234,False,0,,,
2023,Canadian Grand Prix,ALB,Williams,9.0,7.0,0 days 00:01:21.416585714,18.530246913580246,30.593209876543206,63.901234567901234,False,0,,,
2023,Canadian Grand Prix,ZHO,Alfa Romeo,20.0,16.0,0 days 00:01:21.967028985,18.530246913580246,30.593209876543206,63.901234567901234,False,0,,,
2023,Canadian Grand Prix,HUL,Haas F1 Team,5.0,15.0,0 days 00:01:21.960739130,18.530246913580246,30.593209876543206,63.901234567901234,False,0,,,
2023,Canadian Grand Prix,OCO,Alpine,6.0,8.0,0 days 00:01:21.429142857,18.530246913580246,30.593209876543206,63.901234567901234,False,0,,,
2023,Canadian Grand Prix,NOR,McLaren,7.0,13.0,0 days 00:01:21.453014285,18.530246913580246,30.593209876543206,63.901234567901234,False,0,,,
2023,Canadian Grand Prix,HAM,Mercedes,3.0,3.0,0 days 00:01:20.750228571,18.530246913580246,30.593209876543206,63.901234567901234,False,0,,,
2023,Canadian Grand Prix,SAI,Ferrari,11.0,5.0,0 days 00:01:20.855542857,18.530246913580246,30.593209876543206,63.901234567901234,False,0,,,
2023,Canadian Grand Prix,RUS,Mercedes,4.0,19.0,0 days 00:01:20.179846153,18.530246913580246,30.593209876543206,63.901234567901234,False,0,,,
2023,Canadian Grand Prix,BOT,Alfa Romeo,14.0,10.0,0 days 00:01:21.468285714,18.530246913580246,30.593209876543206,63.901234567901234,False,0,,,
2023,Canadian Grand Prix,PIA,McLaren,8.0,11.0,0 days 00:01:21.477842857,18.530246913580246,30.593209876543206,63.901234567901234,False,0,,,
2023,Austrian Grand Prix,VER,Red Bull Racing,1.0,1.0,0 days 00:01:12.304323943,22.398039215686275,32.05424836601307,52.04575163398693,True,0,,,
2023,Austrian Grand Prix,GAS,Alpine,9.0,10.0,0 days 00:01:13.116535211,22.398039215686275,32.05424836601307,52.04575163398693,True,0,,,
2023,Austrian Grand Prix,PER,Red Bull Racing,15.0,3.0,0 days 00:01:12.546408450,22.398039215686275,32.05424836601307,52.04575163398693,True,0,,,
2023,Austrian Grand Prix,ALO,Aston Martin,7.0,5.0,0 days 00:01:12.731323943,22.398039215686275,32.05424836601307,52.04575163398693,True,0,,,
2023,Austrian Grand Prix,LEC,Ferrari,2.0,2.0,0 days 00:01:12.376929577,22.398039215686275,32.05424836601307,52.04575163398693,True,0,,,
2023,Austrian Grand Prix,STR,Aston Martin,6.0,9.0,0 days 00:01:13.135915492,22.398039215686275,32.05424836601307,52.04575163398693,True,0,,,
2023,Austrian Grand Prix,SAR,Williams,18.0,13.0,0 days 00:01:13.571300,22.398039215686275,32.05424836601307,52.04575163398693,True,0,,,
2023,Austrian Grand Prix,MAG,Haas F1 Team,19.0,18.0,0 days 00:01:14.020000,22.398039215686275,32.05424836601307,52.04575163398693,True,0,,,
2023,Austrian Grand Prix,DEV,AlphaTauri,20.0,17.0,0 days 00:01:13.761571428,22.398039215686275,32.05424836601307,52.04575163398693,True,0,,,
2023,Austrian Grand Prix,TSU,AlphaTauri,16.0,19.0,0 days 00:01:13.978285714,22.398039215686275,32.05424836601307,52.04575163398693,True,0,,,
2023,Austrian Grand Prix,ALB,Williams,10.0,11.0,0 days 00:01:13.286957746,22.398039215686275,32.05424836601307,52.04575163398693,True,0,,,
2023,Austrian Grand Prix,ZHO,Alfa Romeo,17.0,12.0,0 days 00:01:13.689142857,22.398039215686275,32.05424836601307,52.04575163398693,True,0,,,
2023,Austrian Grand Prix,HUL,Haas F1 Team,8.0,20.0,0 days 00:01:22.047916666,22.398039215686275,32.05424836601307,52.04575163398693,True,0,,,
2023,Austrian Grand Prix,OCO,Alpine,12.0,14.0,0 days 00:01:13.510671428,22.398039215686275,32.05424836601307,52.04575163398693,True,0,,,
2023,Austrian Grand Prix,NOR,McLaren,4.0,4.0,0 days 00:01:12.675126760,22.398039215686275,32.05424836601307,52.04575163398693,True,0,,,
2023,Austrian Grand Prix,HAM,Mercedes,5.0,8.0,0 days 00:01:12.856380281,22.398039215686275,32.05424836601307,52.04575163398693,True,0,,,
2023,Austrian Grand Prix,SAI,Ferrari,3.0,6.0,0 days 00:01:12.605408450,22.398039215686275,32.05424836601307,52.04575163398693,True,0,,,
2023,Austrian Grand Prix,RUS,Mercedes,11.0,7.0,0 days 00:01:12.986056338,22.398039215686275,32.05424836601307,52.04575163398693,True,0,,,
2023,Austrian Grand Prix,BOT,Alfa Romeo,14.0,15.0,0 days 00:01:13.948342857,22.398039215686275,32.05424836601307,52.04575163398693,True,0,,,
2023,Austrian Grand Prix,PIA,McLaren,13.0,16.0,0 days 00:01:14.002514285,22.398039215686275,32.05424836601307,52.04575163398693,True,0,,,
2023,British Grand Prix,VER,Red Bull Racing,1.0,1.0,0 days 00:01:36.832686274,21.473509933774835,30.94105960264901,56.18543046357616,False,0,,,
2023,British Grand Prix,GAS,Alpine,10.0,18.0,0 days 00:01:39.991288888,21.473509933774835,30.94105960264901,56.18543046357616,False,0,,,
2023,British Grand Prix,PER,Red Bull Racing,15.0,6.0,0 days 00:01:38.650384615,21.473509933774835,30.94105960264901,56.18543046357616,False,0,,,
2023,British Grand Prix,ALO,Aston Martin,9.0,7.0,0 days 00:01:38.733288461,21.473509933774835,30.94105960264901,56.18543046357616,False,0,,,
2023,British Grand Prix,LEC,Ferrari,4.0,9.0,0 days 00:01:38.762057692,21.473509933774835,30.94105960264901,56.18543046357616,False,0,,,
2023,British Grand Prix,STR,Aston Martin,12.0,14.0,0 days 00:01:38.835019230,21.473509933774835,30.94105960264901,56.18543046357616,False,0,,,
2023,British Grand Prix,SAR,Williams,14.0,11.0,0 days 00:01:38.857115384,21.473509933774835,30.94105960264901,56.18543046357616,False,0,,,
2023,British Grand Prix,MAG,Haas F1 Team,19.0,19.0,0 days 00:01:34.706612903,21.473509933774835,30.94105960264901,56.18543046357616,False,0,,,
2023,British Grand Prix,DEV,AlphaTauri,18.0,17.0,0 days 00:01:39.039730769,21.473509933774835,30.94105960264901,56.18543046357616,False,0,,,
2023,British Grand Prix,TSU,AlphaTauri,16.0,16.0,0 days 00:01:39.003134615,21.473509933774835,30.94105960264901,56.18543046357616,False,0,,,
2023,British Grand Prix,ALB,Williams,8.0,8.0,0 days 00:01:38.746461538,21.473509933774835,30.94105960264901,56.18543046357616,False,0,,,
2023,British Grand Prix,ZHO,Alfa Romeo,17.0,15.0,0 days 00:01:38.976115384,21.473509933774835,30.94105960264901,56.18543046357616,False,0,,,
2023,British Grand Prix,HUL,Haas F1 Team,11.0,13.0,0 days 00:01:38.915403846,21.473509933774835,30.94105960264901,56.18543046357616,False,0,,,
2023,British Grand Prix,OCO,Alpine,13.0,20.0,0 days 00:01:35.150111111,21.473509933774835,30.94105960264901,56.18543046357616,False,0,,,
2023,British Grand Prix,NOR,McLaren,2.0,2.0,0 days 00:01:37.163431372,21.473509933774835,30.94105960264901,56.18543046357616,False,0,,,
2023,British Grand Prix,HAM,Mercedes,7.0,3.0,0 days 00:01:37.489686274,21.473509933774835,30.94105960264901,56.18543046357616,False,0,,,
2023,British Grand Prix,SAI,Ferrari,5.0,10.0,0 days 00:01:38.776653846,21.473509933774835,30.94105960264901,56.18543046357616,False,0,,,
2023,British Grand Prix,RUS,Mercedes,6.0,5.0,0 days 00:01:38.618153846,21.473509933774835,30.94105960264901,56.18543046357616,False,0,,,
2023,British Grand Prix,BOT,Alfa Romeo,20.0,12.0,0 days 00:01:38.899384615,21.473509933774835,30.94105960264901,56.18543046357616,False,0,,,
2023,British Grand Prix,PIA,McLaren,3.0,4.0,0 days 00:01:38.552192307,21.473509933774835,30.94105960264901,56.18543046357616,False,0,,,
2023,Hungarian Grand Prix,VER,Red Bull Racing,2.0,1.0,0 days 00:01:24.123342857,28.808536585365857,48.579268292682926,32.80487804878049,False,0,,,
2023,Hungarian Grand Prix,NOR,McLaren,3.0,2.0,0 days 00:01:24.605214285,28.808536585365857,48.579268292682926,32.80487804878049,False,0,,,
2023,Hungarian Grand Prix,PER,Red Bull Racing,9.0,3.0,0 days 00:01:24.660528571,28.808536585365857,48.579268292682926,32.80487804878049,False,0,,,
2023,Hungarian Grand Prix,HAM,Mercedes,1.0,4.0,0 days 00:01:24.682400,28.808536585365857,48.579268292682926,32.80487804878049,False,0,,,
2023,Hungarian Grand Prix,PIA,McLaren,4.0,5.0,0 days 00:01:25.017228571,28.808536585365857,48.579268292682926,32.80487804878049,False,0,,,
2023,Hungarian Grand Prix,RUS,Mercedes,18.0,6.0,0 days 00:01:25.063700,28.808536585365857,48.579268292682926,32.80487804878049,False,0,,,
2023,Hungarian Grand Prix,LEC,Ferrari,6.0,7.0,0 days 00:01:25.056442857,28.808536585365857,48.579268292682926,32.80487804878049,False,0,,,
2023,Hungarian Grand Prix,SAI,Ferrari,11.0,8.0,0 days 00:01:25.138671428,28.808536585365857,48.579268292682926,32.80487804878049,False,0,,,
2023,Hungarian Grand Prix,ALO,Aston Martin,8.0,9.0,0 days 00:01:25.204900,28.808536585365857,48.579268292682926,32.80487804878049,False,0,,,
2023,Hungarian Grand Prix,STR,Aston Martin,14.0,10.0,0 days 00:01:25.554333333,28.808536585365857,48.579268292682926,32.80487804878049,False,0,,,
2023,Hungarian Grand Prix,ALB,Williams,16.0,11.0,0 days 00:01:25.764072463,28.808536585365857,48.579268292682926,32.80487804878049,False,0,,,
2023,Hungarian Grand Prix,BOT,Alfa Romeo,7.0,12.0,0 days 00:01:25.778449275,28.808536585365857,48.579268292682926,32.80487804878049,False,0,,,
2023,Hungarian Grand Prix,RIC,AlphaTauri,13.0,13.0,0 days 00:01:25.867985507,28.808536585365857,48.579268292682926,32.80487804878049,False,0,,,
2023,Hungarian Grand Prix,HUL,Haas F1 Team,10.0,14.0,0 days 00:01:26.085971014,28.808536585365857,48.579268292682926,32.80487804878049,False,0,,,
2023,Hungarian Grand Prix,TSU,AlphaTauri,17.0,15.0,0 days 00:01:26.089521739,28.808536585365857,48.579268292682926,32.80487804878049,False,0,,,
2023,Hungarian Grand Prix,ZHO,Alfa Romeo,5.0,16.0,0 days 00:01:26.219202898,28.808536585365857,48.579268292682926,32.80487804878049,False,0,,,
2023,Hungarian Grand Prix,MAG,Haas F1 Team,19.0,17.0,0 days 00:01:26.536014492,28.808536585365857,48.579268292682926,32.80487804878049,False,0,,,
2023,Hungarian Grand Prix,SAR,Williams,20.0,18.0,0 days 00:01:26.406328358,28.808536585365857,48.579268292682926,32.80487804878049,False,0,,,
2023,Hungarian Grand Prix,OCO,Alpine,12.0,19.0,0 days 00:01:44.073000,28.808536585365857,48.579268292682926,32.80487804878049,False,0,,,
2023,Hungarian Grand Prix,GAS,Alpine,15.0,20.0,0 days 00:02:04.981000,28.808536585365857,48.579268292682926,32.80487804878049,False,0,,,
2023,Belgian Grand Prix,VER,Red Bull Racing,6.0,1.0,0 days 00:01:52.510227272,17.873333333333335,28.24066666666667,61.92666666666667,True,0,,,
2023,Belgian Grand Prix,PER,Red Bull Racing,2.0,2.0,0 days 00:01:53.017159090,17.873333333333335,28.24066666666667,61.92666666666667,True,0,,,
2023,Belgian Grand Prix,LEC,Ferrari,1.0,3.0,0 days 00:01:53.243386363,17.873333333333335,28.24066666666667,61.92666666666667,True,0,,,
2023,Belgian Grand Prix,HAM,Mercedes,3.0,4.0,0 days 00:01:53.639113636,17.873333333333335,28.24066666666667,61.92666666666667,True,0,,,
2023,Belgian Grand Prix,ALO,Aston Martin,9.0,5.0,0 days 00:01:53.787136363,17.873333333333335,28.24066666666667,61.92666666666667,True,0,,,
2023,Belgian Grand Prix,RUS,Mercedes,8.0,6.0,0 days 00:01:53.944340909,17.873333333333335,28.24066666666667,61.92666666666667,True,0,,,
2023,Belgian Grand Prix,NOR,McLaren,7.0,7.0,0 days 00:01:54.185659090,17.873333333333335,28.24066666666667,61.92666666666667,True,0,,,
2023,Belgian Grand Prix,OCO,Alpine,14.0,8.0,0 days 00:01:54.208386363,17.873333333333335,28.24066666666667,61.92666666666667,True,0,,,
2023,Belgian Grand Prix,STR,Aston Martin,10.0,9.0,0 days 00:01:54.313409090,17.873333333333335,28.24066666666667,61.92666666666667,True,0,,,
2023,Belgian Grand Prix,TSU,AlphaTauri,11.0,10.0,0 days 00:01:54.333431818,17.873333333333335,28.24066666666667,61.92666666666667,True,0,,,
2023,Belgian Grand Prix,GAS,Alpine,12.0,11.0,0 days 00:01:54.398500,17.873333333333335,28.24066666666667,61.92666666666667,True,0,,,
2023,Belgian Grand Prix,BOT,Alfa Romeo,13.0,12.0,0 days 00:01:54.446386363,17.873333333333335,28.24066666666667,61.92666666666667,True,0,,,
2023,Belgian Grand Prix,ZHO,Alfa Romeo,17.0,13.0,0 days 00:01:54.679340909,17.873333333333335,28.24066666666667,61.92666666666667,True,0,,,
2023,Belgian Grand Prix,ALB,Williams,15.0,14.0,0 days 00:01:54.696227272,17.873333333333335,28.24066666666667,61.92666666666667,True,0,,,
2023,Belgian Grand Prix,MAG,Haas F1 Team,16.0,15.0,0 days 00:01:54.822818181,17.873333333333335,28.24066666666667,61.92666666666667,True,0,,,
2023,Belgian Grand Prix,RIC,AlphaTauri,19.0,16.0,0 days 00:01:54.852750,17.873333333333335,28.24066666666667,61.92666666666667,True,0,,,
2023,Belgian Grand Prix,SAR,Williams,18.0,17.0,0 days 00:01:54.884681818,17.873333333333335,28.24066666666667,61.92666666666667,True,0,,,
2023,Belgian Grand Prix,HUL,Haas F1 Team,20.0,18.0,0 days 00:01:55.020454545,17.873333333333335,28.24066666666667,61.92666666666667,True,0,,,
2023,Belgian Grand Prix,SAI,Ferrari,4.0,19.0,0 days 00:01:57.123695652,17.873333333333335,28.24066666666667,61.92666666666667,True,0,,,
2023,Belgian Grand Prix,PIA,McLaren,5.0,20.0,,17.873333333333335,28.24066666666667,61.92666666666667,True,0,,,
2023,Dutch Grand Prix,VER,Red Bull Racing,1.0,1.0,0 days 00:01:24.772816901,16.791866028708135,24.94114832535885,70.77511961722487,True,0,,,
2023,Dutch Grand Prix,GAS,Alpine,12.0,3.0,0 days 00:01:24.489300,16.791866028708135,24.94114832535885,70.77511961722487,True,0,,,
2023,Dutch Grand Prix,PER,Red Bull Racing,7.0,4.0,0 days 00:01:24.497385714,16.791866028708135,24.94114832535885,70.77511961722487,True,0,,,
2023,Dutch Grand Prix,ALO,Aston Martin,5.0,2.0,0 days 00:01:25.246774647,16.791866028708135,24.94114832535885,70.77511961722487,True,0,,,
2023,Dutch Grand Prix,LEC,Ferrari,9.0,19.0,0 days 00:01:27.349878048,16.791866028708135,24.94114832535885,70.77511961722487,True,0,,,
2023,Dutch Grand Prix,STR,Aston Martin,11.0,11.0,0 days 00:01:25.591014285,16.791866028708135,24.94114832535885,70.77511961722487,True,0,,,
2023,Dutch Grand Prix,SAR,Williams,10.0,20.0,0 days 00:01:33.030571428,16.791866028708135,24.94114832535885,70.77511961722487,True,0,,,
2023,Dutch Grand Prix,MAG,Haas F1 Team,0.0,16.0,0 days 00:01:26.855718309,16.791866028708135,24.94114832535885,70.77511961722487,True,0,,,
2023,Dutch Grand Prix,TSU,AlphaTauri,17.0,15.0,0 days 00:01:25.575457142,16.791866028708135,24.94114832535885,70.77511961722487,True,0,,,
2023,Dutch Grand Prix,ALB,Williams,4.0,8.0,0 days 00:01:24.988514285,16.791866028708135,24.94114832535885,70.77511961722487,True,0,,,
2023,Dutch Grand Prix,ZHO,Alfa Romeo,15.0,18.0,0 days 00:01:24.215161290,16.791866028708135,24.94114832535885,70.77511961722487,True,0,,,
2023,Dutch Grand Prix,HUL,Haas F1 Team,14.0,12.0,0 days 00:01:25.618385714,16.791866028708135,24.94114832535885,70.77511961722487,True,0,,,
2023,Dutch Grand Prix,OCO,Alpine,16.0,10.0,0 days 00:01:25.207742857,16.791866028708135,24.94114832535885,70.77511961722487,True,0,,,
2023,Dutch Grand Prix,NOR,McLaren,2.0,7.0,0 days 00:01:24.886957142,16.791866028708135,24.94114832535885,70.77511961722487,True,0,,,
2023,Dutch Grand Prix,LAW,AlphaTauri,19.0,13.0,0 days 00:01:25.921314285,16.791866028708135,24.94114832535885,70.77511961722487,True,0,,,
2023,Dutch Grand Prix,HAM,Mercedes,13.0,6.0,0 days 00:01:24.653271428,16.791866028708135,24.94114832535885,70.77511961722487,True,0,,,
2023,Dutch Grand Prix,SAI,Ferrari,6.0,5.0,0 days 00:01:24.591542857,16.791866028708135,24.94114832535885,70.77511961722487,True,0,,,
2023,Dutch Grand Prix,RUS,Mercedes,3.0,17.0,0 days 00:01:25.503157142,16.791866028708135,24.94114832535885,70.77511961722487,True,0,,,
2023,Dutch Grand Prix,BOT,Alfa Romeo,18.0,14.0,0 days 00:01:25.774757142,16.791866028708135,24.94114832535885,70.77511961722487,True,0,,,
2023,Dutch Grand Prix,PIA,McLaren,8.0,9.0,0 days 00:01:25.140800,16.791866028708135,24.94114832535885,70.77511961722487,True,0,,,
2023,Italian Grand Prix,VER,Red Bull Racing,2.0,1.0,0 days 00:01:26.689078431,29.330128205128204,42.928205128205136,42.32051282051282,False,0,,,
2023,Italian Grand Prix,GAS,Alpine,17.0,15.0,0 days 00:01:28.296720,29.330128205128204,42.928205128205136,42.32051282051282,False,0,,,
2023,Italian Grand Prix,PER,Red Bull Racing,5.0,2.0,0 days 00:01:26.807980392,29.330128205128204,42.928205128205136,42.32051282051282,False,0,,,
2023,Italian Grand Prix,ALO,Aston Martin,10.0,9.0,0 days 00:01:27.596803921,29.330128205128204,42.928205128205136,42.32051282051282,False,0,,,
2023,Italian Grand Prix,LEC,Ferrari,3.0,4.0,0 days 00:01:26.912156862,29.330128205128204,42.928205128205136,42.32051282051282,False,0,,,
2023,Italian Grand Prix,STR,Aston Martin,20.0,16.0,0 days 00:01:28.354960,29.330128205128204,42.928205128205136,42.32051282051282,False,0,,,
2023,Italian Grand Prix,SAR,Williams,15.0,13.0,0 days 00:01:28.124980,29.330128205128204,42.928205128205136,42.32051282051282,False,0,,,
2023,Italian Grand Prix,MAG,Haas F1 Team,19.0,18.0,0 days 00:01:28.675340,29.330128205128204,42.928205128205136,42.32051282051282,False,0,,,
2023,Italian Grand Prix,TSU,AlphaTauri,11.0,20.0,,29.330128205128204,42.928205128205136,42.32051282051282,False,0,,,
2023,Italian Grand Prix,ALB,Williams,6.0,7.0,0 days 00:01:27.573509803,29.330128205128204,42.928205128205136,42.32051282051282,False,0,,,
2023,Italian Grand Prix,ZHO,Alfa Romeo,16.0,14.0,0 days 00:01:28.278120,29.330128205128204,42.928205128205136,42.32051282051282,False,0,,,
2023,Italian Grand Prix,HUL,Haas F1 Team,13.0,17.0,0 days 00:01:28.464720,29.330128205128204,42.928205128205136,42.32051282051282,False,0,,,
2023,Italian Grand Prix,OCO,Alpine,18.0,19.0,0 days 00:01:29.101974358,29.330128205128204,42.928205128205136,42.32051282051282,False,0,,,
2023,Italian Grand Prix,NOR,McLaren,9.0,8.0,0 days 00:01:27.580235294,29.330128205128204,42.928205128205136,42.32051282051282,False,0,,,
2023,Italian Grand Prix,LAW,AlphaTauri,12.0,11.0,0 days 00:01:28.098580,29.330128205128204,42.928205128205136,42.32051282051282,False,0,,,
2023,Italian Grand Prix,HAM,Mercedes,8.0,6.0,0 days 00:01:27.427882352,29.330128205128204,42.928205128205136,42.32051282051282,False,0,,,
2023,Italian Grand Prix,SAI,Ferrari,1.0,3.0,0 days 00:01:26.908549019,29.330128205128204,42.928205128205136,42.32051282051282,False,0,,,
2023,Italian Grand Prix,RUS,Mercedes,4.0,5.0,0 days 00:01:27.042568627,29.330128205128204,42.928205128205136,42.32051282051282,False,0,,,
2023,Italian Grand Prix,BOT,Alfa Romeo,14.0,10.0,0 days 00:01:27.962500,29.330128205128204,42.928205128205136,42.32051282051282,False,0,,,
2023,Italian Grand Prix,PIA,McLaren,7.0,12.0,0 days 00:01:28.061160,29.330128205128204,42.928205128205136,42.32051282051282,False,0,,,
2023,Singapore Grand Prix,VER,Red Bull Racing,11.0,5.0,0 days 00:01:42.406180327,29.844318181818185,36.42215909090909,72.0284090909091,False,0,,,
2023,Singapore Grand Prix,GAS,Alpine,12.0,6.0,0 days 00:01:42.723967213,29.844318181818185,36.42215909090909,72.0284090909091,False,0,,,
2023,Singapore Grand Prix,PER,Red Bull Racing,13.0,8.0,0 days 00:01:43.103459016,29.844318181818185,36.42215909090909,72.0284090909091,False,0,,,
2023,Singapore Grand Prix,ALO,Aston Martin,7.0,15.0,0 days 00:01:43.405885245,29.844318181818185,36.42215909090909,72.0284090909091,False,0,,,
2023,Singapore Grand Prix,LEC,Ferrari,3.0,4.0,0 days 00:01:42.193918032,29.844318181818185,36.42215909090909,72.0284090909091,False,0,,,
2023,Singapore Grand Prix,SAR,Williams,18.0,14.0,0 days 00:01:42.336050,29.844318181818185,36.42215909090909,72.0284090909091,False,0,,,
2023,Singapore Grand Prix,MAG,Haas F1 Team,6.0,10.0,0 days 00:01:42.347083333,29.844318181818185,36.42215909090909,72.0284090909091,False,0,,,
2023,Singapore Grand Prix,TSU,AlphaTauri,15.0,19.0,,29.844318181818185,36.42215909090909,72.0284090909091,False,0,,,
2023,Singapore Grand Prix,ALB,Williams,14.0,11.0,0 days 00:01:42.392816666,29.844318181818185,36.42215909090909,72.0284090909091,False,0,,,
2023,Singapore Grand Prix,ZHO,Alfa Romeo,19.0,12.0,0 days 00:01:43.685688524,29.844318181818185,36.42215909090909,72.0284090909091,False,0,,,
2023,Singapore Grand Prix,HUL,Haas F1 Team,9.0,13.0,0 days 00:01:43.405557377,29.844318181818185,36.42215909090909,72.0284090909091,False,0,,,
2023,Singapore Grand Prix,OCO,Alpine,8.0,18.0,0 days 00:01:42.653658536,29.844318181818185,36.42215909090909,72.0284090909091,False,0,,,
2023,Singapore Grand Prix,NOR,McLaren,4.0,2.0,0 days 00:01:41.916704918,29.844318181818185,36.42215909090909,72.0284090909091,False,0,,,
2023,Singapore Grand Prix,LAW,AlphaTauri,10.0,9.0,0 days 00:01:43.136196721,29.844318181818185,36.42215909090909,72.0284090909091,False,0,,,
2023,Singapore Grand Prix,HAM,Mercedes,5.0,3.0,0 days 00:01:41.915754098,29.844318181818185,36.42215909090909,72.0284090909091,False,0,,,
2023,Singapore Grand Prix,SAI,Ferrari,1.0,1.0,0 days 00:01:40.967300,29.844318181818185,36.42215909090909,72.0284090909091,False,0,,,
2023,Singapore Grand Prix,RUS,Mercedes,2.0,16.0,0 days 00:01:41.961383333,29.844318181818185,36.42215909090909,72.0284090909091,False,0,,,
2023,Singapore Grand Prix,BOT,Alfa Romeo,16.0,17.0,0 days 00:01:44.464820,29.844318181818185,36.42215909090909,72.0284090909091,False,0,,,
2023,Singapore Grand Prix,PIA,McLaren,17.0,7.0,0 days 00:01:42.805459016,29.844318181818185,36.42215909090909,72.0284090909091,False,0,,,
2023,Japanese Grand Prix,VER,Red Bull Racing,1.0,1.0,0 days 00:01:39.060160,27.28860759493671,42.070253164556966,42.31645569620253,False,0,,,
2023,Japanese Grand Prix,NOR,McLaren,3.0,2.0,0 days 00:01:39.495700,27.28860759493671,42.070253164556966,42.31645569620253,False,0,,,
2023,Japanese Grand Prix,PIA,McLaren,2.0,3.0,0 days 00:01:39.857900,27.28860759493671,42.070253164556966,42.31645569620253,False,0,,,
2023,Japanese Grand Prix,LEC,Ferrari,4.0,4.0,0 days 00:01:40.036760,27.28860759493671,42.070253164556966,42.31645569620253,False,0,,,
2023,Japanese Grand Prix,HAM,Mercedes,7.0,5.0,0 days 00:01:40.208780,27.28860759493671,42.070253164556966,42.31645569620253,False,0,,,
2023,Japanese Grand Prix,SAI,Ferrari,6.0,6.0,0 days 00:01:40.174460,27.28860759493671,42.070253164556966,42.31645569620253,False,0,,,
2023,Japanese Grand Prix,RUS,Mercedes,8.0,7.0,0 days 00:01:40.415620,27.28860759493671,42.070253164556966,42.31645569620253,False,0,,,
2023,Japanese Grand Prix,ALO,Aston Martin,10.0,8.0,0 days 00:01:40.684940,27.28860759493671,42.070253164556966,42.31645569620253,False,0,,,
2023,Japanese Grand Prix,OCO,Alpine,14.0,9.0,0 days 00:01:42.175960784,27.28860759493671,42.070253164556966,42.31645569620253,False,0,,,
2023,Japanese Grand Prix,GAS,Alpine,12.0,10.0,0 days 00:01:41.037680,27.28860759493671,42.070253164556966,42.31645569620253,False,0,,,
2023,Japanese Grand Prix,LAW,AlphaTauri,11.0,11.0,0 days 00:01:41.392979591,27.28860759493671,42.070253164556966,42.31645569620253,False,0,,,
2023,Japanese Grand Prix,TSU,AlphaTauri,9.0,12.0,0 days 00:01:41.432571428,27.28860759493671,42.070253164556966,42.31645569620253,False,0,,,
2023,Japanese Grand Prix,ZHO,Alfa Romeo,19.0,13.0,0 days 00:01:41.666183673,27.28860759493671,42.070253164556966,42.31645569620253,False,0,,,
2023,Japanese Grand Prix,HUL,Haas F1 Team,18.0,14.0,0 days 00:01:41.597306122,27.28860759493671,42.070253164556966,42.31645569620253,False,0,,,
2023,Japanese Grand Prix,MAG,Haas F1 Team,15.0,15.0,0 days 00:01:42.016163265,27.28860759493671,42.070253164556966,42.31645569620253,False,0,,,
2023,Japanese Grand Prix,ALB,Williams,13.0,16.0,0 days 00:01:45.336782608,27.28860759493671,42.070253164556966,42.31645569620253,False,0,,,
2023,Japanese Grand Prix,SAR,Williams,20.0,17.0,0 days 00:01:48.365210526,27.28860759493671,42.070253164556966,42.31645569620253,False,0,,,
2023,Japanese Grand Prix,STR,Aston Martin,17.0,18.0,0 days 00:01:44.807529411,27.28860759493671,42.070253164556966,42.31645569620253,False,0,,,
2023,Japanese Grand Prix,PER,Red Bull Racing,5.0,19.0,0 days 00:01:48.709200,27.28860759493671,42.070253164556966,42.31645569620253,False,0,,,
2023,Japanese Grand Prix,BOT,Alfa Romeo,16.0,20.0,0 days 00:02:16.214000,27.28860759493671,42.070253164556966,42.31645569620253,False,0,,,
2023,Qatar Grand Prix,VER,Red Bull Racing,1.0,1.0,0 days 00:01:31.178732142,31.46289308176101,36.93207547169812,73.15723270440252,False,0,,,
2023,Qatar Grand Prix,PIA,McLaren,6.0,2.0,0 days 00:01:31.260625,31.46289308176101,36.93207547169812,73.15723270440252,False,0,,,
2023,Qatar Grand Prix,NOR,McLaren,10.0,3.0,0 days 00:01:32.370824561,31.46289308176101,36.93207547169812,73.15723270440252,False,0,,,
2023,Qatar Grand Prix,RUS,Mercedes,2.0,4.0,0 days 00:01:32.864684210,31.46289308176101,36.93207547169812,73.15723270440252,False,0,,,
2023,Qatar Grand Prix,LEC,Ferrari,5.0,5.0,0 days 00:01:31.910160714,31.46289308176101,36.93207547169812,73.15723270440252,False,0,,,
2023,Qatar Grand Prix,ALO,Aston Martin,4.0,6.0,0 days 00:01:32.064410714,31.46289308176101,36.93207547169812,73.15723270440252,False,0,,,
2023,Qatar Grand Prix,OCO,Alpine,8.0,7.0,0 days 00:01:32.340160714,31.46289308176101,36.93207547169812,73.15723270440252,False,0,,,
2023,Qatar Grand Prix,BOT,Alfa Romeo,9.0,8.0,0 days 00:01:33.433877192,31.46289308176101,36.93207547169812,73.15723270440252,False,0,,,
2023,Qatar Grand Prix,ZHO,Alfa Romeo,19.0,9.0,0 days 00:01:33.601666666,31.46289308176101,36.93207547169812,73.15723270440252,False,0,,,
2023,Qatar Grand Prix,PER,Red Bull Racing,20.0,10.0,0 days 00:01:33.585070175,31.46289308176101,36.93207547169812,73.15723270440252,False,0,,,
2023,Qatar Grand Prix,STR,Aston Martin,16.0,11.0,0 days 00:01:33.523157894,31.46289308176101,36.93207547169812,73.15723270440252,False,0,,,
2023,Qatar Grand Prix,GAS,Alpine,7.0,12.0,0 days 00:01:33.534526315,31.46289308176101,36.93207547169812,73.15723270440252,False,0,,,
2023,Qatar Grand Prix,ALB,Williams,13.0,13.0,0 days 00:01:33.687403508,31.46289308176101,36.93207547169812,73.15723270440252,False,0,,,
2023,Qatar Grand Prix,MAG,Haas F1 Team,18.0,14.0,0 days 00:01:33.935964285,31.46289308176101,36.93207547169812,73.15723270440252,False,0,,,
2023,Qatar Grand Prix,TSU,AlphaTauri,11.0,15.0,0 days 00:01:34.073678571,31.46289308176101,36.93207547169812,73.15723270440252,False,0,,,
2023,Qatar Grand Prix,HUL,Haas F1 Team,14.0,16.0,0 days 00:01:34.183089285,31.46289308176101,36.93207547169812,73.15723270440252,False,0,,,
2023,Qatar Grand Prix,LAW,AlphaTauri,17.0,17.0,0 days 00:01:34.397785714,31.46289308176101,36.93207547169812,73.15723270440252,False,0,,,
2023,Qatar Grand Prix,SAR,Williams,15.0,18.0,0 days 00:01:36.705150,31.46289308176101,36.93207547169812,73.15723270440252,False,0,,,
2023,Qatar Grand Prix,HAM,Mercedes,3.0,19.0,,31.46289308176101,36.93207547169812,73.15723270440252,False,0,,,
2023,United States Grand Prix,VER,Red Bull Racing,6.0,1.0,0 days 00:01:42.167178571,29.96011904761904,40.62857142857143,41.910714285714285,False,0,,,
2023,United States Grand Prix,NOR,McLaren,2.0,2.0,0 days 00:01:42.358785714,29.96011904761904,40.62857142857143,41.910714285714285,False,0,,,
2023,United States Grand Prix,SAI,Ferrari,4.0,3.0,0 days 00:01:42.437428571,29.96011904761904,40.62857142857143,41.910714285714285,False,0,,,
2023,United States Grand Prix,PER,Red Bull Racing,9.0,4.0,0 days 00:01:42.496821428,29.96011904761904,40.62857142857143,41.910714285714285,False,0,,,
2023,United States Grand Prix,RUS,Mercedes,5.0,5.0,0 days 00:01:42.613589285,29.96011904761904,40.62857142857143,41.910714285714285,False,0,,,
2023,United States Grand Prix,GAS,Alpine,7.0,6.0,0 days 00:01:43.024250,29.96011904761904,40.62857142857143,41.910714285714285,False,0,,,
2023,United States Grand Prix,STR,Aston Martin,20.0,7.0,0 days 00:01:43.036750,29.96011904761904,40.62857142857143,41.910714285714285,False,0,,,
2023,United States Grand Prix,TSU,AlphaTauri,11.0,8.0,0 days 00:01:43.495482142,29.96011904761904,40.62857142857143,41.910714285714285,False,0,,,
2023,United States Grand Prix,ALB,Williams,15.0,9.0,0 days 00:01:43.626357142,29.96011904761904,40.62857142857143,41.910714285714285,False,0,,,
2023,United States Grand Prix,SAR,Williams,16.0,10.0,0 days 00:01:43.738571428,29.96011904761904,40.62857142857143,41.910714285714285,False,0,,,
2023,United States Grand Prix,HUL,Haas F1 Team,18.0,11.0,0 days 00:01:43.772607142,29.96011904761904,40.62857142857143,41.910714285714285,False,0,,,
2023,United States Grand Prix,BOT,Alfa Romeo,13.0,12.0,0 days 00:01:43.927910714,29.96011904761904,40.62857142857143,41.910714285714285,False,0,,,
2023,United States Grand Prix,ZHO,Alfa Romeo,12.0,13.0,0 days 00:01:44.089781818,29.96011904761904,40.62857142857143,41.910714285714285,False,0,,,
2023,United States Grand Prix,MAG,Haas F1 Team,17.0,14.0,0 days 00:01:44.171527272,29.96011904761904,40.62857142857143,41.910714285714285,False,0,,,
2023,United States Grand Prix,RIC,AlphaTauri,14.0,15.0,0 days 00:01:44.185709090,29.96011904761904,40.62857142857143,41.910714285714285,False,0,,,
2023,United States Grand Prix,ALO,Aston Martin,19.0,16.0,0 days 00:01:43.637285714,29.96011904761904,40.62857142857143,41.910714285714285,False,0,,,
2023,United States Grand Prix,PIA,McLaren,10.0,17.0,0 days 00:01:45.956400,29.96011904761904,40.62857142857143,41.910714285714285,False,0,,,
2023,United States Grand Prix,OCO,Alpine,8.0,18.0,0 days 00:01:48.074833333,29.96011904761904,40.62857142857143,41.910714285714285,False,0,,,
2023,United States Grand Prix,HAM,Mercedes,3.0,19.0,0 days 00:01:42.206910714,29.96011904761904,40.62857142857143,41.910714285714285,False,0,,,
2023,United States Grand Prix,LEC,Ferrari,1.0,20.0,0 days 00:01:42.607571428,29.96011904761904,40.62857142857143,41.910714285714285,False,0,,,
2023,Mexico City Grand Prix,VER,Red Bull Racing,3.0,1.0,0 days 00:01:23.602588235,25.547368421052628,45.63947368421053,23.55263157894737,False,0,,,
2023,Mexico City Grand Prix,GAS,Alpine,11.0,11.0,0 days 00:01:26.819014285,25.547368421052628,45.63947368421053,23.55263157894737,False,0,,,
2023,Mexico City Grand Prix,PER,Red Bull Racing,5.0,20.0,0 days 00:01:43.446000,25.547368421052628,45.63947368421053,23.55263157894737,False,0,,,
2023,Mexico City Grand Prix,ALO,Aston Martin,13.0,18.0,0 days 00:01:28.685934782,25.547368421052628,45.63947368421053,23.55263157894737,False,0,,,
2023,Mexico City Grand Prix,LEC,Ferrari,1.0,3.0,0 days 00:01:24.191602941,25.547368421052628,45.63947368421053,23.55263157894737,False,0,,,
2023,Mexico City Grand Prix,STR,Aston Martin,0.0,17.0,0 days 00:01:27.452123076,25.547368421052628,45.63947368421053,23.55263157894737,False,0,,,
2023,Mexico City Grand Prix,SAR,Williams,19.0,16.0,0 days 00:01:26.995884057,25.547368421052628,45.63947368421053,23.55263157894737,False,0,,,
2023,Mexico City Grand Prix,MAG,Haas F1 Team,16.0,19.0,0 days 00:01:26.645580645,25.547368421052628,45.63947368421053,23.55263157894737,False,0,,,
2023,Mexico City Grand Prix,TSU,AlphaTauri,18.0,12.0,0 days 00:01:27.057014285,25.547368421052628,45.63947368421053,23.55263157894737,False,0,,,
2023,Mexico City Grand Prix,ALB,Williams,14.0,9.0,0 days 00:01:25.640768115,25.547368421052628,45.63947368421053,23.55263157894737,False,0,,,
2023,Mexico City Grand Prix,ZHO,Alfa Romeo,10.0,14.0,0 days 00:01:27.062871428,25.547368421052628,45.63947368421053,23.55263157894737,False,0,,,
2023,Mexico City Grand Prix,HUL,Haas F1 Team,12.0,13.0,0 days 00:01:27.045900,25.547368421052628,45.63947368421053,23.55263157894737,False,0,,,
2023,Mexico City Grand Prix,RIC,AlphaTauri,4.0,7.0,0 days 00:01:25.567492753,25.547368421052628,45.63947368421053,23.55263157894737,False,0,,,
2023,Mexico City Grand Prix,OCO,Alpine,15.0,10.0,0 days 00:01:26.762800,25.547368421052628,45.63947368421053,23.55263157894737,False,0,,,
2023,Mexico City Grand Prix,NOR,McLaren,17.0,5.0,0 days 00:01:26.347528571,25.547368421052628,45.63947368421053,23.55263157894737,False,0,,,
2023,Mexico City Grand Prix,HAM,Mercedes,6.0,2.0,0 days 00:01:24.115485294,25.547368421052628,45.63947368421053,23.55263157894737,False,0,,,
2023,Mexico City Grand Prix,SAI,Ferrari,2.0,4.0,0 days 00:01:24.400544117,25.547368421052628,45.63947368421053,23.55263157894737,False,0,,,
2023,Mexico City Grand Prix,RUS,Mercedes,8.0,6.0,0 days 00:01:26.489371428,25.547368421052628,45.63947368421053,23.55263157894737,False,0,,,
2023,Mexico City Grand Prix,BOT,Alfa Romeo,9.0,15.0,0 days 00:01:27.028157142,25.547368421052628,45.63947368421053,23.55263157894737,False,0,,,
2023,Mexico City Grand Prix,PIA,McLaren,7.0,8.0,0 days 00:01:26.515514285,25.547368421052628,45.63947368421053,23.55263157894737,False,0,,,
2023,So Paulo Grand Prix,VER,Red Bull Racing,1.0,1.0,0 days 00:01:18.338914285,20.460109289617485,46.775956284153004,58.17486338797814,True,0,,,
2023,So Paulo Grand Prix,NOR,McLaren,6.0,2.0,0 days 00:01:18.438971428,20.460109289617485,46.775956284153004,58.17486338797814,True,0,,,
2023,So Paulo Grand Prix,ALO,Aston Martin,4.0,3.0,0 days 00:01:18.743185714,20.460109289617485,46.775956284153004,58.17486338797814,True,0,,,
2023,So Paulo Grand Prix,PER,Red Bull Racing,9.0,4.0,0 days 00:01:18.740800,20.460109289617485,46.775956284153004,58.17486338797814,True,0,,,
2023,So Paulo Grand Prix,STR,Aston Martin,3.0,5.0,0 days 00:01:18.846500,20.460109289617485,46.775956284153004,58.17486338797814,True,0,,,
2023,So Paulo Grand Prix,SAI,Ferrari,7.0,6.0,0 days 00:01:18.938271428,20.460109289617485,46.775956284153004,58.17486338797814,True,0,,,
2023,So Paulo Grand Prix,GAS,Alpine,15.0,7.0,0 days 00:01:18.671285714,20.460109289617485,46.775956284153004,58.17486338797814,True,0,,,
2023,So Paulo Grand Prix,HAM,Mercedes,5.0,8.0,0 days 00:01:19.155514285,20.460109289617485,46.775956284153004,58.17486338797814,True,0,,,
2023,So Paulo Grand Prix,TSU,AlphaTauri,16.0,9.0,0 days 00:01:18.840428571,20.460109289617485,46.775956284153004,58.17486338797814,True,0,,,
2023,So Paulo Grand Prix,OCO,Alpine,14.0,10.0,0 days 00:01:19.070782608,20.460109289617485,46.775956284153004,58.17486338797814,True,0,,,
2023,So Paulo Grand Prix,SAR,Williams,19.0,11.0,0 days 00:01:19.466057971,20.460109289617485,46.775956284153004,58.17486338797814,True,0,,,
2023,So Paulo Grand Prix,HUL,Haas F1 Team,11.0,12.0,0 days 00:01:19.576840579,20.460109289617485,46.775956284153004,58.17486338797814,True,0,,,
2023,So Paulo Grand Prix,RIC,AlphaTauri,17.0,13.0,0 days 00:01:18.257144927,20.460109289617485,46.775956284153004,58.17486338797814,True,0,,,
2023,So Paulo Grand Prix,PIA,McLaren,10.0,14.0,0 days 00:01:18.348661764,20.460109289617485,46.775956284153004,58.17486338797814,True,0,,,
2023,So Paulo Grand Prix,RUS,Mercedes,8.0,15.0,0 days 00:01:20.730696428,20.460109289617485,46.775956284153004,58.17486338797814,True,0,,,
2023,So Paulo Grand Prix,BOT,Alfa Romeo,18.0,16.0,0 days 00:01:21.439552631,20.460109289617485,46.775956284153004,58.17486338797814,True,0,,,
2023,So Paulo Grand Prix,ZHO,Alfa Romeo,20.0,17.0,0 days 00:01:25.580714285,20.460109289617485,46.775956284153004,58.17486338797814,True,0,,,
2023,So Paulo Grand Prix,MAG,Haas F1 Team,12.0,18.0,,20.460109289617485,46.775956284153004,58.17486338797814,True,0,,,
2023,So Paulo Grand Prix,ALB,Williams,13.0,19.0,,20.460109289617485,46.775956284153004,58.17486338797814,True,0,,,
2023,So Paulo Grand Prix,LEC,Ferrari,2.0,20.0,,20.460109289617485,46.775956284153004,58.17486338797814,True,0,,,
2023,Las Vegas Grand Prix,VER,Red Bull Racing,2.0,1.0,0 days 00:01:39.957866666,18.05,17.99444444444444,47.361111111111114,False,0,,,
2023,Las Vegas Grand Prix,GAS,Alpine,4.0,11.0,0 days 00:01:40.989355555,18.05,17.99444444444444,47.361111111111114,False,0,,,
2023,Las Vegas Grand Prix,PER,Red Bull Racing,11.0,3.0,0 days 00:01:41.395630434,18.05,17.99444444444444,47.361111111111114,False,0,,,
2023,Las Vegas Grand Prix,ALO,Aston Martin,9.0,9.0,0 days 00:01:42.586608695,18.05,17.99444444444444,47.361111111111114,False,0,,,
2023,Las Vegas Grand Prix,LEC,Ferrari,1.0,2.0,0 days 00:01:39.869688888,18.05,17.99444444444444,47.361111111111114,False,0,,,
2023,Las Vegas Grand Prix,STR,Aston Martin,19.0,5.0,0 days 00:01:41.584500,18.05,17.99444444444444,47.361111111111114,False,0,,,
2023,Las Vegas Grand Prix,SAR,Williams,6.0,16.0,0 days 00:01:41.578311111,18.05,17.99444444444444,47.361111111111114,False,0,,,
2023,Las Vegas Grand Prix,MAG,Haas F1 Team,8.0,13.0,0 days 00:01:41.701777777,18.05,17.99444444444444,47.361111111111114,False,0,,,
2023,Las Vegas Grand Prix,TSU,AlphaTauri,20.0,18.0,0 days 00:01:45.027976744,18.05,17.99444444444444,47.361111111111114,False,0,,,
2023,Las Vegas Grand Prix,ALB,Williams,5.0,12.0,0 days 00:01:41.280777777,18.05,17.99444444444444,47.361111111111114,False,0,,,
2023,Las Vegas Grand Prix,ZHO,Alfa Romeo,17.0,15.0,0 days 00:01:41.774355555,18.05,17.99444444444444,47.361111111111114,False,0,,,
2023,Las Vegas Grand Prix,HUL,Haas F1 Team,13.0,19.0,0 days 00:01:43.429487804,18.05,17.99444444444444,47.361111111111114,False,0,,,
2023,Las Vegas Grand Prix,RIC,AlphaTauri,14.0,14.0,0 days 00:01:43.032934782,18.05,17.99444444444444,47.361111111111114,False,0,,,
2023,Las Vegas Grand Prix,OCO,Alpine,16.0,4.0,0 days 00:01:40.759933333,18.05,17.99444444444444,47.361111111111114,False,0,,,
2023,Las Vegas Grand Prix,NOR,McLaren,15.0,20.0,0 days 00:02:04.844500,18.05,17.99444444444444,47.361111111111114,False,0,,,
2023,Las Vegas Grand Prix,HAM,Mercedes,10.0,7.0,0 days 00:01:42.537369565,18.05,17.99444444444444,47.361111111111114,False,0,,,
2023,Las Vegas Grand Prix,SAI,Ferrari,12.0,6.0,0 days 00:01:41.916956521,18.05,17.99444444444444,47.361111111111114,False,0,,,
2023,Las Vegas Grand Prix,RUS,Mercedes,3.0,8.0,0 days 00:01:40.396488888,18.05,17.99444444444444,47.361111111111114,False,0,,,
2023,Las Vegas Grand Prix,BOT,Alfa Romeo,7.0,17.0,0 days 00:01:47.447020408,18.05,17.99444444444444,47.361111111111114,False,0,,,
2023,Las Vegas Grand Prix,PIA,McLaren,18.0,10.0,0 days 00:01:41.140955555,18.05,17.99444444444444,47.361111111111114,False,0,,,
2023,Abu Dhabi Grand Prix,VER,Red Bull Racing,1.0,1.0,0 days 00:01:30.045241379,26.962820512820517,33.46089743589744,51.0,False,0,,,
2023,Abu Dhabi Grand Prix,LEC,Ferrari,2.0,2.0,0 days 00:01:30.355465517,26.962820512820517,33.46089743589744,51.0,False,0,,,
2023,Abu Dhabi Grand Prix,RUS,Mercedes,4.0,3.0,0 days 00:01:30.395724137,26.962820512820517,33.46089743589744,51.0,False,0,,,
2023,Abu Dhabi Grand Prix,PER,Red Bull Racing,9.0,4.0,0 days 00:01:30.328913793,26.962820512820517,33.46089743589744,51.0,False,0,,,
2023,Abu Dhabi Grand Prix,NOR,McLaren,5.0,5.0,0 days 00:01:30.463931034,26.962820512820517,33.46089743589744,51.0,False,0,,,
2023,Abu Dhabi Grand Prix,PIA,McLaren,3.0,6.0,0 days 00:01:30.588120689,26.962820512820517,33.46089743589744,51.0,False,0,,,
2023,Abu Dhabi Grand Prix,ALO,Aston Martin,7.0,7.0,0 days 00:01:30.726482758,26.962820512820517,33.46089743589744,51.0,False,0,,,
2023,Abu Dhabi Grand Prix,TSU,AlphaTauri,6.0,8.0,0 days 00:01:30.788137931,26.962820512820517,33.46089743589744,51.0,False,0,,,
2023,Abu Dhabi Grand Prix,HAM,Mercedes,11.0,9.0,0 days 00:01:30.811172413,26.962820512820517,33.46089743589744,51.0,False,0,,,
2023,Abu Dhabi Grand Prix,STR,Aston Martin,13.0,10.0,0 days 00:01:31.004413793,26.962820512820517,33.46089743589744,51.0,False,0,,,
2023,Abu Dhabi Grand Prix,RIC,AlphaTauri,15.0,11.0,0 days 00:01:31.014706896,26.962820512820517,33.46089743589744,51.0,False,0,,,
2023,Abu Dhabi Grand Prix,OCO,Alpine,12.0,12.0,0 days 00:01:31.189603448,26.962820512820517,33.46089743589744,51.0,False,0,,,
2023,Abu Dhabi Grand Prix,GAS,Alpine,10.0,13.0,0 days 00:01:31.258344827,26.962820512820517,33.46089743589744,51.0,False,0,,,
2023,Abu Dhabi Grand Prix,ALB,Williams,14.0,14.0,0 days 00:01:31.307034482,26.962820512820517,33.46089743589744,51.0,False,0,,,
2023,Abu Dhabi Grand Prix,HUL,Haas F1 Team,8.0,15.0,0 days 00:01:31.488275862,26.962820512820517,33.46089743589744,51.0,False,0,,,
2023,Abu Dhabi Grand Prix,SAR,Williams,20.0,16.0,0 days 00:01:31.558879310,26.962820512820517,33.46089743589744,51.0,False,0,,,
2023,Abu Dhabi Grand Prix,ZHO,Alfa Romeo,19.0,17.0,0 days 00:01:31.587000,26.962820512820517,33.46089743589744,51.0,False,0,,,
2023,Abu Dhabi Grand Prix,SAI,Ferrari,16.0,18.0,0 days 00:01:31.419701754,26.962820512820517,33.46089743589744,51.0,False,0,,,
2023,Abu Dhabi Grand Prix,BOT,Alfa Romeo,18.0,19.0,0 days 00:01:31.842719298,26.962820512820517,33.46089743589744,51.0,False,0,,,
2023,Abu Dhabi Grand Prix,MAG,Haas F1 Team,17.0,20.0,0 days 00:01:31.885964912,26.962820512820517,33.46089743589744,51.0,False,0,,,
